INSERT INTO auth.users (instance_id,id,aud,role,email,encrypted_password,email_confirmed_at,invited_at,confirmation_token,confirmation_sent_at,recovery_token,recovery_sent_at,email_change_token_new,email_change,email_change_sent_at,last_sign_in_at,raw_app_meta_data,raw_user_meta_data,is_super_admin,created_at,updated_at,phone,phone_confirmed_at,phone_change,phone_change_token,phone_change_sent_at,email_change_token_current,email_change_confirm_status,banned_until,reauthentication_token,reauthentication_sent_at,is_sso_user,deleted_at,is_anonymous) VALUES ('00000000-0000-0000-0000-000000000000', '0f5d546a-dd80-5406-a005-a4f3061b9fb4', 'authenticated', 'authenticated', 'test.user1@quizhub.com', 'Declinguam utenim voluptas si quis inpore voluptatem, et omni expetum tament esse.', '2024-12-04T15:40:46.962Z', NULL, NULL, NULL, NULL, '2024-12-04T15:40:46.962Z', NULL, NULL, NULL, '2024-12-04T15:40:46.962Z', '{"provider":"email","providers":["email"]}', '{}', NULL, '2024-12-04T15:40:46.962Z', '2024-12-04T15:40:46.962Z', NULL, NULL, NULL, NULL, NULL, NULL, 0, NULL, NULL, NULL, 'f', NULL, 'f'), ('00000000-0000-0000-0000-000000000000', '5fef9e7c-116a-5504-a6ae-d16f4442d448', 'authenticated', 'authenticated', 'test.user2@quizhub.com', 'Nota nec quietus quid per errore ipsa etriaque, graviora dicam inum potitat isse distinac docertiman placeat.', '2024-12-04T15:40:46.962Z', NULL, NULL, NULL, NULL, '2024-12-04T15:40:46.962Z', NULL, NULL, NULL, '2024-12-04T15:40:46.962Z', '{"provider":"email","providers":["email"]}', '{}', NULL, '2024-12-04T15:40:46.962Z', '2024-12-04T15:40:46.962Z', NULL, NULL, NULL, NULL, NULL, NULL, 0, NULL, NULL, NULL, 'f', NULL, 'f'), ('00000000-0000-0000-0000-000000000000', '5ac46069-d153-5b50-a0be-8a017d379243', 'authenticated', 'authenticated', 'test.user3@quizhub.com', 'Viverire quid valla iudicartif molesse gerendam esse, tenta sapere rebus ii consed nec ne.', '2024-12-04T15:40:46.962Z', NULL, NULL, NULL, NULL, '2024-12-04T15:40:46.962Z', NULL, NULL, NULL, '2024-12-04T15:40:46.962Z', '{"provider":"email","providers":["email"]}', '{}', NULL, '2024-12-04T15:40:46.962Z', '2024-12-04T15:40:46.962Z', NULL, NULL, NULL, NULL, NULL, NULL, 0, NULL, NULL, NULL, 'f', NULL, 'f'), ('00000000-0000-0000-0000-000000000000', '5f2c632c-1003-5d3e-94f5-6085899aa359', 'authenticated', 'authenticated', 'test.user4@quizhub.com', 'Sumit es quaeso endas iis neque non dolore, cum integrisque cum confecerun cum.', '2024-12-04T15:40:46.962Z', NULL, NULL, NULL, NULL, '2024-12-04T15:40:46.962Z', NULL, NULL, NULL, '2024-12-04T15:40:46.962Z', '{"provider":"email","providers":["email"]}', '{}', NULL, '2024-12-04T15:40:46.962Z', '2024-12-04T15:40:46.962Z', NULL, NULL, NULL, NULL, NULL, NULL, 0, NULL, NULL, NULL, 'f', NULL, 'f'), ('00000000-0000-0000-0000-000000000000', '71c8f57c-aae5-5ac8-8fc0-a1ff399b17b8', 'authenticated', 'authenticated', 'test.user5@quizhub.com', 'Aut ea posset cum dissentanta, distinere discipitaq quae graeci debitem.', '2024-12-04T15:40:46.962Z', NULL, NULL, NULL, NULL, '2024-12-04T15:40:46.962Z', NULL, NULL, NULL, '2024-12-04T15:40:46.962Z', '{"provider":"email","providers":["email"]}', '{}', NULL, '2024-12-04T15:40:46.962Z', '2024-12-04T15:40:46.962Z', NULL, NULL, NULL, NULL, NULL, NULL, 0, NULL, NULL, NULL, 'f', NULL, 'f'), ('00000000-0000-0000-0000-000000000000', '815c84a1-9088-5e6f-b1ab-0853285c0e5d', 'authenticated', 'authenticated', 'test.user6@quizhub.com', 'Patriam se poterea etiam hic divelabor non l.', '2024-12-04T15:40:46.962Z', NULL, NULL, NULL, NULL, '2024-12-04T15:40:46.962Z', NULL, NULL, NULL, '2024-12-04T15:40:46.962Z', '{"provider":"email","providers":["email"]}', '{}', NULL, '2024-12-04T15:40:46.962Z', '2024-12-04T15:40:46.962Z', NULL, NULL, NULL, NULL, NULL, NULL, 0, NULL, NULL, NULL, 'f', NULL, 'f'), ('00000000-0000-0000-0000-000000000000', 'f14ee7a7-b3f9-561d-8cf7-983293f0008f', 'authenticated', 'authenticated', 'test.user7@quizhub.com', 'Eo quid correcus eam molest motus et sola.', '2024-12-04T15:40:46.962Z', NULL, NULL, NULL, NULL, '2024-12-04T15:40:46.962Z', NULL, NULL, NULL, '2024-12-04T15:40:46.962Z', '{"provider":"email","providers":["email"]}', '{}', NULL, '2024-12-04T15:40:46.962Z', '2024-12-04T15:40:46.962Z', NULL, NULL, NULL, NULL, NULL, NULL, 0, NULL, NULL, NULL, 'f', NULL, 'f'), ('00000000-0000-0000-0000-000000000000', 'e4153ca5-d012-5995-bad4-086731587974', 'authenticated', 'authenticated', 'test.user8@quizhub.com', 'A nis voluptatem ista nam iteraliq non recus.', '2024-12-04T15:40:46.962Z', NULL, NULL, NULL, NULL, '2024-12-04T15:40:46.962Z', NULL, NULL, NULL, '2024-12-04T15:40:46.962Z', '{"provider":"email","providers":["email"]}', '{}', NULL, '2024-12-04T15:40:46.962Z', '2024-12-04T15:40:46.962Z', NULL, NULL, NULL, NULL, NULL, NULL, 0, NULL, NULL, NULL, 'f', NULL, 'f'), ('00000000-0000-0000-0000-000000000000', '8bb5337a-4ae8-5fe9-834c-d09e97c220b7', 'authenticated', 'authenticated', 'test.user9@quizhub.com', 'Adverterror quisquam potest abilest tibus etur sumus detractis, industria intelleger parargueren qua pugnantibus gravisse nondum et.', '2024-12-04T15:40:46.962Z', NULL, NULL, NULL, NULL, '2024-12-04T15:40:46.962Z', NULL, NULL, NULL, '2024-12-04T15:40:46.962Z', '{"provider":"email","providers":["email"]}', '{}', NULL, '2024-12-04T15:40:46.962Z', '2024-12-04T15:40:46.962Z', NULL, NULL, NULL, NULL, NULL, NULL, 0, NULL, NULL, NULL, 'f', NULL, 'f'), ('00000000-0000-0000-0000-000000000000', 'b36ab93a-34cf-5d2f-8309-1f65466da6f0', 'authenticated', 'authenticated', 'test.user10@quizhub.com', 'Voluptatis nihil quam fruuntur ab voluptate tollitterror.', '2024-12-04T15:40:46.962Z', NULL, NULL, NULL, NULL, '2024-12-04T15:40:46.962Z', NULL, NULL, NULL, '2024-12-04T15:40:46.962Z', '{"provider":"email","providers":["email"]}', '{}', NULL, '2024-12-04T15:40:46.962Z', '2024-12-04T15:40:46.962Z', NULL, NULL, NULL, NULL, NULL, NULL, 0, NULL, NULL, NULL, 'f', NULL, 'f'), ('00000000-0000-0000-0000-000000000000', '44315cac-0a3d-513e-ae25-923183abdce2', 'authenticated', 'authenticated', 'test.user11@quizhub.com', 'Esse ratione stare nimium sentenda sint sua suis.', '2024-12-04T15:40:46.962Z', NULL, NULL, NULL, NULL, '2024-12-04T15:40:46.962Z', NULL, NULL, NULL, '2024-12-04T15:40:46.962Z', '{"provider":"email","providers":["email"]}', '{}', NULL, '2024-12-04T15:40:46.962Z', '2024-12-04T15:40:46.962Z', NULL, NULL, NULL, NULL, NULL, NULL, 0, NULL, NULL, NULL, 'f', NULL, 'f'), ('00000000-0000-0000-0000-000000000000', 'bc6c992f-6177-5b38-a99d-4c1f8bf2d0e3', 'authenticated', 'authenticated', 'test.user12@quizhub.com', 'Locis tranquillae erudines monet quod sed.', '2024-12-04T15:40:46.962Z', NULL, NULL, NULL, NULL, '2024-12-04T15:40:46.962Z', NULL, NULL, NULL, '2024-12-04T15:40:46.962Z', '{"provider":"email","providers":["email"]}', '{}', NULL, '2024-12-04T15:40:46.962Z', '2024-12-04T15:40:46.962Z', NULL, NULL, NULL, NULL, NULL, NULL, 0, NULL, NULL, NULL, 'f', NULL, 'f'), ('00000000-0000-0000-0000-000000000000', '5ca75a8e-3605-5166-aa74-4e2e2fc0beef', 'authenticated', 'authenticated', 'test.user13@quizhub.com', 'Inestiam qui volupletior facilius a maloribus foedusus quo.', '2024-12-04T15:40:46.962Z', NULL, NULL, NULL, NULL, '2024-12-04T15:40:46.962Z', NULL, NULL, NULL, '2024-12-04T15:40:46.962Z', '{"provider":"email","providers":["email"]}', '{}', NULL, '2024-12-04T15:40:46.962Z', '2024-12-04T15:40:46.962Z', NULL, NULL, NULL, NULL, NULL, NULL, 0, NULL, NULL, NULL, 'f', NULL, 'f'), ('00000000-0000-0000-0000-000000000000', '12b3f6e4-8e09-5767-b1ce-9d45589acea2', 'authenticated', 'authenticated', 'test.user14@quizhub.com', 'Ensa acundo aeque iud effecta puerilia.', '2024-12-04T15:40:46.962Z', NULL, NULL, NULL, NULL, '2024-12-04T15:40:46.962Z', NULL, NULL, NULL, '2024-12-04T15:40:46.962Z', '{"provider":"email","providers":["email"]}', '{}', NULL, '2024-12-04T15:40:46.962Z', '2024-12-04T15:40:46.962Z', NULL, NULL, NULL, NULL, NULL, NULL, 0, NULL, NULL, NULL, 'f', NULL, 'f'), ('00000000-0000-0000-0000-000000000000', '461f046b-b8af-5c8e-95dd-0f9194531ecb', 'authenticated', 'authenticated', 'test.user15@quizhub.com', 'Sit sola me dubium aegritatur poris tantopero nec.', '2024-12-04T15:40:46.962Z', NULL, NULL, NULL, NULL, '2024-12-04T15:40:46.962Z', NULL, NULL, NULL, '2024-12-04T15:40:46.962Z', '{"provider":"email","providers":["email"]}', '{}', NULL, '2024-12-04T15:40:46.962Z', '2024-12-04T15:40:46.962Z', NULL, NULL, NULL, NULL, NULL, NULL, 0, NULL, NULL, NULL, 'f', NULL, 'f'), ('00000000-0000-0000-0000-000000000000', 'dce623ef-801d-54b0-a2df-9358c082e29e', 'authenticated', 'authenticated', 'test.user16@quizhub.com', 'Asper venerit potest versuum quaerenimpet.', '2024-12-04T15:40:46.962Z', NULL, NULL, NULL, NULL, '2024-12-04T15:40:46.962Z', NULL, NULL, NULL, '2024-12-04T15:40:46.962Z', '{"provider":"email","providers":["email"]}', '{}', NULL, '2024-12-04T15:40:46.962Z', '2024-12-04T15:40:46.962Z', NULL, NULL, NULL, NULL, NULL, NULL, 0, NULL, NULL, NULL, 'f', NULL, 'f'), ('00000000-0000-0000-0000-000000000000', '82d62e5d-3a42-5fcc-8eba-42d842fea91a', 'authenticated', 'authenticated', 'test.user17@quizhub.com', 'Maiorem pendetraxis ine quod quodsi.', '2024-12-04T15:40:46.962Z', NULL, NULL, NULL, NULL, '2024-12-04T15:40:46.962Z', NULL, NULL, NULL, '2024-12-04T15:40:46.962Z', '{"provider":"email","providers":["email"]}', '{}', NULL, '2024-12-04T15:40:46.962Z', '2024-12-04T15:40:46.962Z', NULL, NULL, NULL, NULL, NULL, NULL, 0, NULL, NULL, NULL, 'f', NULL, 'f'), ('00000000-0000-0000-0000-000000000000', '4906cefc-1eec-5209-9bcc-28e8cf7c862a', 'authenticated', 'authenticated', 'test.user18@quizhub.com', 'Turi torquate libid est placet.', '2024-12-04T15:40:46.962Z', NULL, NULL, NULL, NULL, '2024-12-04T15:40:46.962Z', NULL, NULL, NULL, '2024-12-04T15:40:46.962Z', '{"provider":"email","providers":["email"]}', '{}', NULL, '2024-12-04T15:40:46.962Z', '2024-12-04T15:40:46.962Z', NULL, NULL, NULL, NULL, NULL, NULL, 0, NULL, NULL, NULL, 'f', NULL, 'f'), ('00000000-0000-0000-0000-000000000000', 'c9ea0237-6687-557a-b9a6-7641ce93392e', 'authenticated', 'authenticated', 'test.user19@quizhub.com', 'Eo legerigim litterum levat et quem praeclaret hoc, quippiam hosti celeret nostra dissentiar officille quam.', '2024-12-04T15:40:46.962Z', NULL, NULL, NULL, NULL, '2024-12-04T15:40:46.962Z', NULL, NULL, NULL, '2024-12-04T15:40:46.962Z', '{"provider":"email","providers":["email"]}', '{}', NULL, '2024-12-04T15:40:46.962Z', '2024-12-04T15:40:46.962Z', NULL, NULL, NULL, NULL, NULL, NULL, 0, NULL, NULL, NULL, 'f', NULL, 'f'), ('00000000-0000-0000-0000-000000000000', '698b6e50-7060-5752-b30f-c3c5d2ee3400', 'authenticated', 'authenticated', 'test.user20@quizhub.com', 'Ex munere cum diis novum et igit, fructu mihi meo bonum mensae contenta non.', '2024-12-04T15:40:46.962Z', NULL, NULL, NULL, NULL, '2024-12-04T15:40:46.962Z', NULL, NULL, NULL, '2024-12-04T15:40:46.962Z', '{"provider":"email","providers":["email"]}', '{}', NULL, '2024-12-04T15:40:46.962Z', '2024-12-04T15:40:46.962Z', NULL, NULL, NULL, NULL, NULL, NULL, 0, NULL, NULL, NULL, 'f', NULL, 'f'), ('00000000-0000-0000-0000-000000000000', 'f50300db-d620-587a-a6c0-46d7f9ace912', 'authenticated', 'authenticated', 'test.user21@quizhub.com', 'Si possit contentiae potere andi vertat, tant epicur delecticiam peritatem putas quamvis priventur suscipitaq.', '2024-12-04T15:40:46.962Z', NULL, NULL, NULL, NULL, '2024-12-04T15:40:46.962Z', NULL, NULL, NULL, '2024-12-04T15:40:46.962Z', '{"provider":"email","providers":["email"]}', '{}', NULL, '2024-12-04T15:40:46.962Z', '2024-12-04T15:40:46.962Z', NULL, NULL, NULL, NULL, NULL, NULL, 0, NULL, NULL, NULL, 'f', NULL, 'f'), ('00000000-0000-0000-0000-000000000000', '05eee4fe-379a-5426-9023-edc77e045168', 'authenticated', 'authenticated', 'test.user22@quizhub.com', 'Non quae res afferation sit locos.', '2024-12-04T15:40:46.962Z', NULL, NULL, NULL, NULL, '2024-12-04T15:40:46.962Z', NULL, NULL, NULL, '2024-12-04T15:40:46.962Z', '{"provider":"email","providers":["email"]}', '{}', NULL, '2024-12-04T15:40:46.962Z', '2024-12-04T15:40:46.962Z', NULL, NULL, NULL, NULL, NULL, NULL, 0, NULL, NULL, NULL, 'f', NULL, 'f'), ('00000000-0000-0000-0000-000000000000', '3b2bfa08-09d7-5968-a3d8-4fe62753f511', 'authenticated', 'authenticated', 'test.user23@quizhub.com', 'Quis num scriptore consum haec perspicuum hoc, inquam cognostris ipsam qui estiae facilii.', '2024-12-04T15:40:46.962Z', NULL, NULL, NULL, NULL, '2024-12-04T15:40:46.962Z', NULL, NULL, NULL, '2024-12-04T15:40:46.962Z', '{"provider":"email","providers":["email"]}', '{}', NULL, '2024-12-04T15:40:46.962Z', '2024-12-04T15:40:46.962Z', NULL, NULL, NULL, NULL, NULL, NULL, 0, NULL, NULL, NULL, 'f', NULL, 'f'), ('00000000-0000-0000-0000-000000000000', 'a866962c-13a6-52c8-965b-d859c0325cb5', 'authenticated', 'authenticated', 'test.user24@quizhub.com', 'Non etiam ipsistatem iam quam.', '2024-12-04T15:40:46.962Z', NULL, NULL, NULL, NULL, '2024-12-04T15:40:46.962Z', NULL, NULL, NULL, '2024-12-04T15:40:46.962Z', '{"provider":"email","providers":["email"]}', '{}', NULL, '2024-12-04T15:40:46.962Z', '2024-12-04T15:40:46.962Z', NULL, NULL, NULL, NULL, NULL, NULL, 0, NULL, NULL, NULL, 'f', NULL, 'f'), ('00000000-0000-0000-0000-000000000000', '6f72baed-b6f1-5fb7-a370-fb32611b758b', 'authenticated', 'authenticated', 'test.user25@quizhub.com', 'Possunt ad even erieturos natur loco nulla.', '2024-12-04T15:40:46.962Z', NULL, NULL, NULL, NULL, '2024-12-04T15:40:46.962Z', NULL, NULL, NULL, '2024-12-04T15:40:46.962Z', '{"provider":"email","providers":["email"]}', '{}', NULL, '2024-12-04T15:40:46.962Z', '2024-12-04T15:40:46.962Z', NULL, NULL, NULL, NULL, NULL, NULL, 0, NULL, NULL, NULL, 'f', NULL, 'f');
INSERT INTO auth.identities (provider_id,user_id,identity_data,provider,last_sign_in_at,created_at,updated_at,id) VALUES ('0f5d546a-dd80-5406-a005-a4f3061b9fb4', '0f5d546a-dd80-5406-a005-a4f3061b9fb4', '{"sub":"0f5d546a-dd80-5406-a005-a4f3061b9fb4","email":"test.user1@quizhub.com"}', 'email', '2024-12-04T15:40:46.962Z', '2024-12-04T15:40:46.962Z', '2024-12-04T15:40:46.962Z', 'eb2b4a57-df1b-56a8-8a95-ca16989907f9'), ('5fef9e7c-116a-5504-a6ae-d16f4442d448', '5fef9e7c-116a-5504-a6ae-d16f4442d448', '{"sub":"5fef9e7c-116a-5504-a6ae-d16f4442d448","email":"test.user2@quizhub.com"}', 'email', '2024-12-04T15:40:46.962Z', '2024-12-04T15:40:46.962Z', '2024-12-04T15:40:46.962Z', 'bf14d652-75df-5656-b5df-0c02c3fcb486'), ('5ac46069-d153-5b50-a0be-8a017d379243', '5ac46069-d153-5b50-a0be-8a017d379243', '{"sub":"5ac46069-d153-5b50-a0be-8a017d379243","email":"test.user3@quizhub.com"}', 'email', '2024-12-04T15:40:46.962Z', '2024-12-04T15:40:46.962Z', '2024-12-04T15:40:46.962Z', '11b0d55f-744b-56a3-86fb-0e7442ced8ab'), ('5f2c632c-1003-5d3e-94f5-6085899aa359', '5f2c632c-1003-5d3e-94f5-6085899aa359', '{"sub":"5f2c632c-1003-5d3e-94f5-6085899aa359","email":"test.user4@quizhub.com"}', 'email', '2024-12-04T15:40:46.962Z', '2024-12-04T15:40:46.962Z', '2024-12-04T15:40:46.962Z', '150a7299-a959-56d7-8725-7badd0539282'), ('71c8f57c-aae5-5ac8-8fc0-a1ff399b17b8', '71c8f57c-aae5-5ac8-8fc0-a1ff399b17b8', '{"sub":"71c8f57c-aae5-5ac8-8fc0-a1ff399b17b8","email":"test.user5@quizhub.com"}', 'email', '2024-12-04T15:40:46.962Z', '2024-12-04T15:40:46.962Z', '2024-12-04T15:40:46.962Z', 'f4ad20e8-b55c-5bbf-a193-1bcd2de34826'), ('815c84a1-9088-5e6f-b1ab-0853285c0e5d', '815c84a1-9088-5e6f-b1ab-0853285c0e5d', '{"sub":"815c84a1-9088-5e6f-b1ab-0853285c0e5d","email":"test.user6@quizhub.com"}', 'email', '2024-12-04T15:40:46.962Z', '2024-12-04T15:40:46.962Z', '2024-12-04T15:40:46.962Z', '4a9491f7-7963-5a23-b99b-6c31bd80efdb'), ('f14ee7a7-b3f9-561d-8cf7-983293f0008f', 'f14ee7a7-b3f9-561d-8cf7-983293f0008f', '{"sub":"f14ee7a7-b3f9-561d-8cf7-983293f0008f","email":"test.user7@quizhub.com"}', 'email', '2024-12-04T15:40:46.962Z', '2024-12-04T15:40:46.962Z', '2024-12-04T15:40:46.962Z', '5766cc39-9c14-5701-84d0-46944ab9e232'), ('e4153ca5-d012-5995-bad4-086731587974', 'e4153ca5-d012-5995-bad4-086731587974', '{"sub":"e4153ca5-d012-5995-bad4-086731587974","email":"test.user8@quizhub.com"}', 'email', '2024-12-04T15:40:46.962Z', '2024-12-04T15:40:46.962Z', '2024-12-04T15:40:46.962Z', '15d24f08-a02e-52e5-abea-0bad1856598b'), ('8bb5337a-4ae8-5fe9-834c-d09e97c220b7', '8bb5337a-4ae8-5fe9-834c-d09e97c220b7', '{"sub":"8bb5337a-4ae8-5fe9-834c-d09e97c220b7","email":"test.user9@quizhub.com"}', 'email', '2024-12-04T15:40:46.962Z', '2024-12-04T15:40:46.962Z', '2024-12-04T15:40:46.962Z', '0b7111ca-b02a-5aa9-88c9-7d9d4480cb90'), ('b36ab93a-34cf-5d2f-8309-1f65466da6f0', 'b36ab93a-34cf-5d2f-8309-1f65466da6f0', '{"sub":"b36ab93a-34cf-5d2f-8309-1f65466da6f0","email":"test.user10@quizhub.com"}', 'email', '2024-12-04T15:40:46.962Z', '2024-12-04T15:40:46.962Z', '2024-12-04T15:40:46.962Z', '9b271e1e-57a9-59cd-b639-0cdc1c4407a6'), ('44315cac-0a3d-513e-ae25-923183abdce2', '44315cac-0a3d-513e-ae25-923183abdce2', '{"sub":"44315cac-0a3d-513e-ae25-923183abdce2","email":"test.user11@quizhub.com"}', 'email', '2024-12-04T15:40:46.962Z', '2024-12-04T15:40:46.962Z', '2024-12-04T15:40:46.962Z', '3282d533-7f68-5e89-86fa-fc8677b4d9bd'), ('bc6c992f-6177-5b38-a99d-4c1f8bf2d0e3', 'bc6c992f-6177-5b38-a99d-4c1f8bf2d0e3', '{"sub":"bc6c992f-6177-5b38-a99d-4c1f8bf2d0e3","email":"test.user12@quizhub.com"}', 'email', '2024-12-04T15:40:46.962Z', '2024-12-04T15:40:46.962Z', '2024-12-04T15:40:46.962Z', 'e5e7b2ff-595a-5539-9fb0-ec6255c0c86e'), ('5ca75a8e-3605-5166-aa74-4e2e2fc0beef', '5ca75a8e-3605-5166-aa74-4e2e2fc0beef', '{"sub":"5ca75a8e-3605-5166-aa74-4e2e2fc0beef","email":"test.user13@quizhub.com"}', 'email', '2024-12-04T15:40:46.962Z', '2024-12-04T15:40:46.962Z', '2024-12-04T15:40:46.962Z', '244decd4-56cd-5734-b941-d66796602506'), ('12b3f6e4-8e09-5767-b1ce-9d45589acea2', '12b3f6e4-8e09-5767-b1ce-9d45589acea2', '{"sub":"12b3f6e4-8e09-5767-b1ce-9d45589acea2","email":"test.user14@quizhub.com"}', 'email', '2024-12-04T15:40:46.962Z', '2024-12-04T15:40:46.962Z', '2024-12-04T15:40:46.962Z', 'e5f41202-4a9b-502f-a407-03d4b21cdb9b'), ('461f046b-b8af-5c8e-95dd-0f9194531ecb', '461f046b-b8af-5c8e-95dd-0f9194531ecb', '{"sub":"461f046b-b8af-5c8e-95dd-0f9194531ecb","email":"test.user15@quizhub.com"}', 'email', '2024-12-04T15:40:46.962Z', '2024-12-04T15:40:46.962Z', '2024-12-04T15:40:46.962Z', '82cc8dcd-0ef0-551d-bf62-4d5bf76a19ca'), ('dce623ef-801d-54b0-a2df-9358c082e29e', 'dce623ef-801d-54b0-a2df-9358c082e29e', '{"sub":"dce623ef-801d-54b0-a2df-9358c082e29e","email":"test.user16@quizhub.com"}', 'email', '2024-12-04T15:40:46.962Z', '2024-12-04T15:40:46.962Z', '2024-12-04T15:40:46.962Z', '85ede0d4-70df-5f88-ac82-244045023055'), ('82d62e5d-3a42-5fcc-8eba-42d842fea91a', '82d62e5d-3a42-5fcc-8eba-42d842fea91a', '{"sub":"82d62e5d-3a42-5fcc-8eba-42d842fea91a","email":"test.user17@quizhub.com"}', 'email', '2024-12-04T15:40:46.962Z', '2024-12-04T15:40:46.962Z', '2024-12-04T15:40:46.962Z', '59ff2003-d1fc-59ed-8961-019cd572ab0f'), ('4906cefc-1eec-5209-9bcc-28e8cf7c862a', '4906cefc-1eec-5209-9bcc-28e8cf7c862a', '{"sub":"4906cefc-1eec-5209-9bcc-28e8cf7c862a","email":"test.user18@quizhub.com"}', 'email', '2024-12-04T15:40:46.962Z', '2024-12-04T15:40:46.962Z', '2024-12-04T15:40:46.962Z', 'fe6d4d2a-cbd2-5ce5-a914-6240b07a1643'), ('c9ea0237-6687-557a-b9a6-7641ce93392e', 'c9ea0237-6687-557a-b9a6-7641ce93392e', '{"sub":"c9ea0237-6687-557a-b9a6-7641ce93392e","email":"test.user19@quizhub.com"}', 'email', '2024-12-04T15:40:46.962Z', '2024-12-04T15:40:46.962Z', '2024-12-04T15:40:46.962Z', 'ad292526-3a03-5d78-8cb8-cf4608ba0599'), ('698b6e50-7060-5752-b30f-c3c5d2ee3400', '698b6e50-7060-5752-b30f-c3c5d2ee3400', '{"sub":"698b6e50-7060-5752-b30f-c3c5d2ee3400","email":"test.user20@quizhub.com"}', 'email', '2024-12-04T15:40:46.962Z', '2024-12-04T15:40:46.962Z', '2024-12-04T15:40:46.962Z', 'c1d58780-c7c4-5231-8bd9-68c1280cfd44'), ('f50300db-d620-587a-a6c0-46d7f9ace912', 'f50300db-d620-587a-a6c0-46d7f9ace912', '{"sub":"f50300db-d620-587a-a6c0-46d7f9ace912","email":"test.user21@quizhub.com"}', 'email', '2024-12-04T15:40:46.962Z', '2024-12-04T15:40:46.962Z', '2024-12-04T15:40:46.962Z', 'b3f3e73a-772f-50c9-8e5f-90e013abda24'), ('05eee4fe-379a-5426-9023-edc77e045168', '05eee4fe-379a-5426-9023-edc77e045168', '{"sub":"05eee4fe-379a-5426-9023-edc77e045168","email":"test.user22@quizhub.com"}', 'email', '2024-12-04T15:40:46.962Z', '2024-12-04T15:40:46.962Z', '2024-12-04T15:40:46.962Z', '44fdc9c3-d2a3-513a-9bd7-d42822ac4fdb'), ('3b2bfa08-09d7-5968-a3d8-4fe62753f511', '3b2bfa08-09d7-5968-a3d8-4fe62753f511', '{"sub":"3b2bfa08-09d7-5968-a3d8-4fe62753f511","email":"test.user23@quizhub.com"}', 'email', '2024-12-04T15:40:46.962Z', '2024-12-04T15:40:46.962Z', '2024-12-04T15:40:46.962Z', '2f72e7c5-ea3c-52ba-9f0b-77ef4bd1b8d5'), ('a866962c-13a6-52c8-965b-d859c0325cb5', 'a866962c-13a6-52c8-965b-d859c0325cb5', '{"sub":"a866962c-13a6-52c8-965b-d859c0325cb5","email":"test.user24@quizhub.com"}', 'email', '2024-12-04T15:40:46.962Z', '2024-12-04T15:40:46.962Z', '2024-12-04T15:40:46.962Z', '24572959-8631-5e0d-b8e0-b120e971fcca'), ('6f72baed-b6f1-5fb7-a370-fb32611b758b', '6f72baed-b6f1-5fb7-a370-fb32611b758b', '{"sub":"6f72baed-b6f1-5fb7-a370-fb32611b758b","email":"test.user25@quizhub.com"}', 'email', '2024-12-04T15:40:46.962Z', '2024-12-04T15:40:46.962Z', '2024-12-04T15:40:46.962Z', '2b16a32d-0374-586f-af46-75cb2cd22e52');
UPDATE AUTH.USERS
        SET
            ENCRYPTED_PASSWORD = extensions.crypt('123', extensions.gen_salt('bf'));
UPDATE AUTH.USERS
        SET
            CONFIRMATION_TOKEN = '',
            RECOVERY_TOKEN = '',
            EMAIL_CHANGE = '',
            EMAIL_CHANGE_TOKEN_NEW = '',
            PHONE_CHANGE_TOKEN = '',
            PHONE_CHANGE = '',
            EMAIL_CHANGE_TOKEN_CURRENT = '',
            REAUTHENTICATION_TOKEN = '';
UPDATE public.profile
            SET
                first_name = 'Leon',
                last_name = 'Gorczany'
            WHERE
                user_id = '0f5d546a-dd80-5406-a005-a4f3061b9fb4';
INSERT INTO public.user_role (
                    user_id,
                    role_id
                ) VALUES (
                    '0f5d546a-dd80-5406-a005-a4f3061b9fb4',
                    1
                );
INSERT INTO public.user_role (
                    user_id,
                    role_id
                ) VALUES (
                    '0f5d546a-dd80-5406-a005-a4f3061b9fb4',
                    2
                );
INSERT INTO public.user_role (
                    user_id,
                    role_id
                ) VALUES (
                    '0f5d546a-dd80-5406-a005-a4f3061b9fb4',
                    3
                );
UPDATE public.profile
            SET
                first_name = 'Leanne',
                last_name = 'Price'
            WHERE
                user_id = '5fef9e7c-116a-5504-a6ae-d16f4442d448';
INSERT INTO public.user_role (
                user_id,
                role_id
            ) VALUES (
                '5fef9e7c-116a-5504-a6ae-d16f4442d448',
                2
            );
UPDATE public.profile
            SET
                first_name = 'Ryley',
                last_name = 'Wiza'
            WHERE
                user_id = '5ac46069-d153-5b50-a0be-8a017d379243';
INSERT INTO public.user_role (
                user_id,
                role_id
            ) VALUES (
                '5ac46069-d153-5b50-a0be-8a017d379243',
                1
            );
UPDATE public.profile
            SET
                first_name = 'Charles',
                last_name = 'Rohan'
            WHERE
                user_id = '5f2c632c-1003-5d3e-94f5-6085899aa359';
INSERT INTO public.user_role (
                user_id,
                role_id
            ) VALUES (
                '5f2c632c-1003-5d3e-94f5-6085899aa359',
                1
            );
UPDATE public.profile
            SET
                first_name = 'Viviane',
                last_name = 'Purdy'
            WHERE
                user_id = '71c8f57c-aae5-5ac8-8fc0-a1ff399b17b8';
UPDATE public.profile
                    SET
                        is_active = FALSE
                    WHERE
                        user_id = '71c8f57c-aae5-5ac8-8fc0-a1ff399b17b8';
INSERT INTO public.user_role (
                user_id,
                role_id
            ) VALUES (
                '71c8f57c-aae5-5ac8-8fc0-a1ff399b17b8',
                3
            );
UPDATE public.profile
            SET
                first_name = 'Frances',
                last_name = 'Gusikowski'
            WHERE
                user_id = '815c84a1-9088-5e6f-b1ab-0853285c0e5d';
INSERT INTO public.user_role (
                user_id,
                role_id
            ) VALUES (
                '815c84a1-9088-5e6f-b1ab-0853285c0e5d',
                2
            );
UPDATE public.profile
            SET
                first_name = 'Luis',
                last_name = 'Fay'
            WHERE
                user_id = 'f14ee7a7-b3f9-561d-8cf7-983293f0008f';
INSERT INTO public.user_role (
                user_id,
                role_id
            ) VALUES (
                'f14ee7a7-b3f9-561d-8cf7-983293f0008f',
                2
            );
UPDATE public.profile
            SET
                first_name = 'Riley',
                last_name = 'Lesch'
            WHERE
                user_id = 'e4153ca5-d012-5995-bad4-086731587974';
UPDATE public.profile
                    SET
                        is_active = FALSE
                    WHERE
                        user_id = 'e4153ca5-d012-5995-bad4-086731587974';
INSERT INTO public.user_role (
                user_id,
                role_id
            ) VALUES (
                'e4153ca5-d012-5995-bad4-086731587974',
                1
            );
UPDATE public.profile
            SET
                first_name = 'Reina',
                last_name = 'Jast'
            WHERE
                user_id = '8bb5337a-4ae8-5fe9-834c-d09e97c220b7';
INSERT INTO public.user_role (
                user_id,
                role_id
            ) VALUES (
                '8bb5337a-4ae8-5fe9-834c-d09e97c220b7',
                3
            );
UPDATE public.profile
            SET
                first_name = 'Felix',
                last_name = 'Stamm'
            WHERE
                user_id = 'b36ab93a-34cf-5d2f-8309-1f65466da6f0';
INSERT INTO public.user_role (
                user_id,
                role_id
            ) VALUES (
                'b36ab93a-34cf-5d2f-8309-1f65466da6f0',
                3
            );
UPDATE public.profile
            SET
                first_name = 'Lloyd',
                last_name = 'Koelpin'
            WHERE
                user_id = '44315cac-0a3d-513e-ae25-923183abdce2';
INSERT INTO public.user_role (
                user_id,
                role_id
            ) VALUES (
                '44315cac-0a3d-513e-ae25-923183abdce2',
                3
            );
UPDATE public.profile
            SET
                first_name = 'Israel',
                last_name = 'Cremin'
            WHERE
                user_id = 'bc6c992f-6177-5b38-a99d-4c1f8bf2d0e3';
INSERT INTO public.user_role (
                user_id,
                role_id
            ) VALUES (
                'bc6c992f-6177-5b38-a99d-4c1f8bf2d0e3',
                1
            );
UPDATE public.profile
            SET
                first_name = 'Preston',
                last_name = 'Feeney'
            WHERE
                user_id = '5ca75a8e-3605-5166-aa74-4e2e2fc0beef';
INSERT INTO public.user_role (
                user_id,
                role_id
            ) VALUES (
                '5ca75a8e-3605-5166-aa74-4e2e2fc0beef',
                3
            );
UPDATE public.profile
            SET
                first_name = 'Bertrand',
                last_name = 'Mraz'
            WHERE
                user_id = '12b3f6e4-8e09-5767-b1ce-9d45589acea2';
INSERT INTO public.user_role (
                user_id,
                role_id
            ) VALUES (
                '12b3f6e4-8e09-5767-b1ce-9d45589acea2',
                2
            );
UPDATE public.profile
            SET
                first_name = 'Macie',
                last_name = 'Jakubowski'
            WHERE
                user_id = '461f046b-b8af-5c8e-95dd-0f9194531ecb';
INSERT INTO public.user_role (
                user_id,
                role_id
            ) VALUES (
                '461f046b-b8af-5c8e-95dd-0f9194531ecb',
                1
            );
UPDATE public.profile
            SET
                first_name = 'Doris',
                last_name = 'Lueilwitz'
            WHERE
                user_id = 'dce623ef-801d-54b0-a2df-9358c082e29e';
INSERT INTO public.user_role (
                user_id,
                role_id
            ) VALUES (
                'dce623ef-801d-54b0-a2df-9358c082e29e',
                1
            );
UPDATE public.profile
            SET
                first_name = 'Nestor',
                last_name = 'Stanton'
            WHERE
                user_id = '82d62e5d-3a42-5fcc-8eba-42d842fea91a';
INSERT INTO public.user_role (
                user_id,
                role_id
            ) VALUES (
                '82d62e5d-3a42-5fcc-8eba-42d842fea91a',
                3
            );
UPDATE public.profile
            SET
                first_name = 'Mona',
                last_name = 'Bashirian'
            WHERE
                user_id = '4906cefc-1eec-5209-9bcc-28e8cf7c862a';
INSERT INTO public.user_role (
                user_id,
                role_id
            ) VALUES (
                '4906cefc-1eec-5209-9bcc-28e8cf7c862a',
                1
            );
UPDATE public.profile
            SET
                first_name = 'Chelsea',
                last_name = 'White'
            WHERE
                user_id = 'c9ea0237-6687-557a-b9a6-7641ce93392e';
INSERT INTO public.user_role (
                user_id,
                role_id
            ) VALUES (
                'c9ea0237-6687-557a-b9a6-7641ce93392e',
                1
            );
UPDATE public.profile
            SET
                first_name = 'Mateo',
                last_name = 'Crist'
            WHERE
                user_id = '698b6e50-7060-5752-b30f-c3c5d2ee3400';
INSERT INTO public.user_role (
                user_id,
                role_id
            ) VALUES (
                '698b6e50-7060-5752-b30f-c3c5d2ee3400',
                3
            );
UPDATE public.profile
            SET
                first_name = 'Chloe',
                last_name = 'Daugherty'
            WHERE
                user_id = 'f50300db-d620-587a-a6c0-46d7f9ace912';
UPDATE public.profile
                    SET
                        is_active = FALSE
                    WHERE
                        user_id = 'f50300db-d620-587a-a6c0-46d7f9ace912';
INSERT INTO public.user_role (
                user_id,
                role_id
            ) VALUES (
                'f50300db-d620-587a-a6c0-46d7f9ace912',
                2
            );
UPDATE public.profile
            SET
                first_name = 'Gregorio',
                last_name = 'Emard'
            WHERE
                user_id = '05eee4fe-379a-5426-9023-edc77e045168';
INSERT INTO public.user_role (
                user_id,
                role_id
            ) VALUES (
                '05eee4fe-379a-5426-9023-edc77e045168',
                2
            );
UPDATE public.profile
            SET
                first_name = 'Laurel',
                last_name = 'O''Keefe'
            WHERE
                user_id = '3b2bfa08-09d7-5968-a3d8-4fe62753f511';
INSERT INTO public.user_role (
                user_id,
                role_id
            ) VALUES (
                '3b2bfa08-09d7-5968-a3d8-4fe62753f511',
                2
            );
UPDATE public.profile
            SET
                first_name = 'Ressie',
                last_name = 'Jaskolski'
            WHERE
                user_id = 'a866962c-13a6-52c8-965b-d859c0325cb5';
INSERT INTO public.user_role (
                user_id,
                role_id
            ) VALUES (
                'a866962c-13a6-52c8-965b-d859c0325cb5',
                2
            );
UPDATE public.profile
            SET
                first_name = 'Eldridge',
                last_name = 'Armstrong'
            WHERE
                user_id = '6f72baed-b6f1-5fb7-a370-fb32611b758b';
INSERT INTO public.user_role (
                user_id,
                role_id
            ) VALUES (
                '6f72baed-b6f1-5fb7-a370-fb32611b758b',
                2
            );
